endpoint_id,run_number,timestamp,source_file,metric_name,metric_value,metric_type
1,1,2025-12-15T23:00:35.934393,resource-metrics.json,endpoint_id,1,int
1,1,2025-12-15T23:00:35.934406,resource-metrics.json,run_number,1,int
1,1,2025-12-15T23:00:35.934408,resource-metrics.json,start_timestamp,2025-12-16T02:18:09Z,str
1,1,2025-12-15T23:00:35.934409,resource-metrics.json,end_timestamp,2025-12-16T02:20:18Z,str
1,1,2025-12-15T23:00:35.934410,resource-metrics.json,duration_seconds,129.05372,float
1,1,2025-12-15T23:00:35.934412,resource-metrics.json,search_budget_seconds,120,int
1,1,2025-12-15T23:00:35.934413,resource-metrics.json,cpu_average_percent,122.93,float
1,1,2025-12-15T23:00:35.934415,resource-metrics.json,memory_peak_mb,789.8,float
1,1,2025-12-15T23:00:35.934416,resource-metrics.json,tests_generated,0,int
1,1,2025-12-15T23:00:35.934417,resource-metrics.json,test_methods,0,int
1,1,2025-12-15T23:00:35.934418,resource-metrics.json,assertions,0,int
1,1,2025-12-15T23:00:35.934419,resource-metrics.json,coverage,N/A,str
1,1,2025-12-15T23:00:35.934421,resource-metrics.json,total_goals,N/A,str
1,1,2025-12-15T23:00:35.934422,resource-metrics.json,covered_goals,N/A,str
1,2,2025-12-15T23:00:35.934522,resource-metrics.json,endpoint_id,1,int
1,2,2025-12-15T23:00:35.934527,resource-metrics.json,run_number,2,int
1,2,2025-12-15T23:00:35.934528,resource-metrics.json,start_timestamp,2025-12-16T02:20:23Z,str
1,2,2025-12-15T23:00:35.934529,resource-metrics.json,end_timestamp,2025-12-16T02:22:32Z,str
1,2,2025-12-15T23:00:35.934531,resource-metrics.json,duration_seconds,128.941267,float
1,2,2025-12-15T23:00:35.934532,resource-metrics.json,search_budget_seconds,120,int
1,2,2025-12-15T23:00:35.934533,resource-metrics.json,cpu_average_percent,119.77,float
1,2,2025-12-15T23:00:35.934534,resource-metrics.json,memory_peak_mb,684.3,float
1,2,2025-12-15T23:00:35.934536,resource-metrics.json,tests_generated,0,int
1,2,2025-12-15T23:00:35.934537,resource-metrics.json,test_methods,0,int
1,2,2025-12-15T23:00:35.934538,resource-metrics.json,assertions,0,int
1,2,2025-12-15T23:00:35.934539,resource-metrics.json,coverage,N/A,str
1,2,2025-12-15T23:00:35.934540,resource-metrics.json,total_goals,N/A,str
1,2,2025-12-15T23:00:35.934541,resource-metrics.json,covered_goals,N/A,str
1,3,2025-12-15T23:00:35.934630,resource-metrics.json,endpoint_id,1,int
1,3,2025-12-15T23:00:35.934634,resource-metrics.json,run_number,3,int
1,3,2025-12-15T23:00:35.934635,resource-metrics.json,start_timestamp,2025-12-16T02:22:37Z,str
1,3,2025-12-15T23:00:35.934636,resource-metrics.json,end_timestamp,2025-12-16T02:24:46Z,str
1,3,2025-12-15T23:00:35.934637,resource-metrics.json,duration_seconds,129.158255,float
1,3,2025-12-15T23:00:35.934638,resource-metrics.json,search_budget_seconds,120,int
1,3,2025-12-15T23:00:35.934640,resource-metrics.json,cpu_average_percent,127.17,float
1,3,2025-12-15T23:00:35.934641,resource-metrics.json,memory_peak_mb,684.9,float
1,3,2025-12-15T23:00:35.934642,resource-metrics.json,tests_generated,0,int
1,3,2025-12-15T23:00:35.934643,resource-metrics.json,test_methods,0,int
1,3,2025-12-15T23:00:35.934644,resource-metrics.json,assertions,0,int
1,3,2025-12-15T23:00:35.934645,resource-metrics.json,coverage,N/A,str
1,3,2025-12-15T23:00:35.934646,resource-metrics.json,total_goals,N/A,str
1,3,2025-12-15T23:00:35.934648,resource-metrics.json,covered_goals,N/A,str
2,1,2025-12-15T23:00:35.934768,resource-metrics.json,endpoint_id,2,int
2,1,2025-12-15T23:00:35.934772,resource-metrics.json,run_number,1,int
2,1,2025-12-15T23:00:35.934773,resource-metrics.json,start_timestamp,2025-12-16T02:24:56Z,str
2,1,2025-12-15T23:00:35.934774,resource-metrics.json,end_timestamp,2025-12-16T02:27:05Z,str
2,1,2025-12-15T23:00:35.934775,resource-metrics.json,duration_seconds,128.979457,float
2,1,2025-12-15T23:00:35.934776,resource-metrics.json,search_budget_seconds,120,int
2,1,2025-12-15T23:00:35.934778,resource-metrics.json,cpu_average_percent,122.54,float
2,1,2025-12-15T23:00:35.934779,resource-metrics.json,memory_peak_mb,733.4,float
2,1,2025-12-15T23:00:35.934780,resource-metrics.json,tests_generated,1,int
2,1,2025-12-15T23:00:35.934781,resource-metrics.json,test_methods,9,int
2,1,2025-12-15T23:00:35.934782,resource-metrics.json,assertions,16,int
2,1,2025-12-15T23:00:35.934784,resource-metrics.json,coverage,0.8449074074074074,str
2,1,2025-12-15T23:00:35.934785,resource-metrics.json,total_goals,55,str
2,1,2025-12-15T23:00:35.934786,resource-metrics.json,covered_goals,49,str
2,2,2025-12-15T23:00:35.934966,resource-metrics.json,endpoint_id,2,int
2,2,2025-12-15T23:00:35.934984,resource-metrics.json,run_number,2,int
2,2,2025-12-15T23:00:35.934986,resource-metrics.json,start_timestamp,2025-12-16T02:27:11Z,str
2,2,2025-12-15T23:00:35.934987,resource-metrics.json,end_timestamp,2025-12-16T02:29:20Z,str
2,2,2025-12-15T23:00:35.934988,resource-metrics.json,duration_seconds,128.977996,float
2,2,2025-12-15T23:00:35.934991,resource-metrics.json,search_budget_seconds,120,int
2,2,2025-12-15T23:00:35.934993,resource-metrics.json,cpu_average_percent,128.67,float
2,2,2025-12-15T23:00:35.934994,resource-metrics.json,memory_peak_mb,925.9,float
2,2,2025-12-15T23:00:35.934996,resource-metrics.json,tests_generated,1,int
2,2,2025-12-15T23:00:35.934997,resource-metrics.json,test_methods,9,int
2,2,2025-12-15T23:00:35.934999,resource-metrics.json,assertions,16,int
2,2,2025-12-15T23:00:35.935000,resource-metrics.json,coverage,0.8449074074074074,str
2,2,2025-12-15T23:00:35.935001,resource-metrics.json,total_goals,55,str
2,2,2025-12-15T23:00:35.935002,resource-metrics.json,covered_goals,49,str
2,3,2025-12-15T23:00:35.935179,resource-metrics.json,endpoint_id,2,int
2,3,2025-12-15T23:00:35.935185,resource-metrics.json,run_number,3,int
2,3,2025-12-15T23:00:35.935186,resource-metrics.json,start_timestamp,2025-12-16T02:29:25Z,str
2,3,2025-12-15T23:00:35.935188,resource-metrics.json,end_timestamp,2025-12-16T02:31:34Z,str
2,3,2025-12-15T23:00:35.935189,resource-metrics.json,duration_seconds,129.371892,float
2,3,2025-12-15T23:00:35.935191,resource-metrics.json,search_budget_seconds,120,int
2,3,2025-12-15T23:00:35.935192,resource-metrics.json,cpu_average_percent,124.63,float
2,3,2025-12-15T23:00:35.935194,resource-metrics.json,memory_peak_mb,656.9,float
2,3,2025-12-15T23:00:35.935195,resource-metrics.json,tests_generated,1,int
2,3,2025-12-15T23:00:35.935196,resource-metrics.json,test_methods,9,int
2,3,2025-12-15T23:00:35.935198,resource-metrics.json,assertions,16,int
2,3,2025-12-15T23:00:35.935199,resource-metrics.json,coverage,0.8449074074074074,str
2,3,2025-12-15T23:00:35.935200,resource-metrics.json,total_goals,55,str
2,3,2025-12-15T23:00:35.935201,resource-metrics.json,covered_goals,49,str
3,1,2025-12-15T23:00:35.935366,resource-metrics.json,endpoint_id,3,int
3,1,2025-12-15T23:00:35.935370,resource-metrics.json,run_number,1,int
3,1,2025-12-15T23:00:35.935372,resource-metrics.json,start_timestamp,2025-12-16T02:31:44Z,str
3,1,2025-12-15T23:00:35.935373,resource-metrics.json,end_timestamp,2025-12-16T02:31:48Z,str
3,1,2025-12-15T23:00:35.935374,resource-metrics.json,duration_seconds,3.905363,float
3,1,2025-12-15T23:00:35.935376,resource-metrics.json,search_budget_seconds,120,int
3,1,2025-12-15T23:00:35.935377,resource-metrics.json,cpu_average_percent,0,int
3,1,2025-12-15T23:00:35.935378,resource-metrics.json,memory_peak_mb,0,int
3,1,2025-12-15T23:00:35.935380,resource-metrics.json,tests_generated,0,int
3,1,2025-12-15T23:00:35.935381,resource-metrics.json,test_methods,0,int
3,1,2025-12-15T23:00:35.935383,resource-metrics.json,assertions,0,int
3,1,2025-12-15T23:00:35.935384,resource-metrics.json,coverage,N/A,str
3,1,2025-12-15T23:00:35.935385,resource-metrics.json,total_goals,N/A,str
3,1,2025-12-15T23:00:35.935386,resource-metrics.json,covered_goals,N/A,str
3,1,2025-12-15T23:00:35.935421,exit-status.json,endpoint_id,3,int
3,1,2025-12-15T23:00:35.935426,exit-status.json,run_number,1,int
3,1,2025-12-15T23:00:35.935427,exit-status.json,generation_status,FAILED,str
3,1,2025-12-15T23:00:35.935428,exit-status.json,exit_code,1,int
3,1,2025-12-15T23:00:35.935429,exit-status.json,timed_out,False,bool
3,1,2025-12-15T23:00:35.935430,exit-status.json,hung_up,False,bool
3,1,2025-12-15T23:00:35.935432,exit-status.json,error_type,NO_CLASS_FILES,str
3,1,2025-12-15T23:00:35.935433,exit-status.json,error_message,"No class files generated - compilation failed: [ERROR] /project/src/main/java/com/cloudhubs/trainticket/cancel/service/TestFeign.java:[3,43] package org.springframework.cloud.openfeign does not exist [ERROR] /project/src/main/java/com/cloudhubs/trainticket/cancel/service/TestFeign.java:[7,2] cannot find symbol [ERROR] /project/src/main/java/com/cloudhubs/trainticket/cancel/service/AssuranceService.java:[7,27] package jakarta.transaction does not exist  ",str
3,1,2025-12-15T23:00:35.935434,exit-status.json,runs_without_error,False,bool
3,1,2025-12-15T23:00:35.935435,exit-status.json,threw_errors,True,bool
3,1,2025-12-15T23:00:35.935436,exit-status.json,error_counts,"{'total_errors': 12, 'missing_packages': 5, 'cannot_find_symbol': 7}",dict
3,1,2025-12-15T23:00:35.935441,exit-status.json,error_details_file,error-details.txt,str
3,2,2025-12-15T23:00:35.935509,resource-metrics.json,endpoint_id,3,int
3,2,2025-12-15T23:00:35.935513,resource-metrics.json,run_number,2,int
3,2,2025-12-15T23:00:35.935515,resource-metrics.json,start_timestamp,2025-12-16T02:31:54Z,str
3,2,2025-12-15T23:00:35.935516,resource-metrics.json,end_timestamp,2025-12-16T02:31:57Z,str
3,2,2025-12-15T23:00:35.935517,resource-metrics.json,duration_seconds,3.660194,float
3,2,2025-12-15T23:00:35.935518,resource-metrics.json,search_budget_seconds,120,int
3,2,2025-12-15T23:00:35.935520,resource-metrics.json,cpu_average_percent,0,int
3,2,2025-12-15T23:00:35.935521,resource-metrics.json,memory_peak_mb,0,int
3,2,2025-12-15T23:00:35.935522,resource-metrics.json,tests_generated,0,int
3,2,2025-12-15T23:00:35.935523,resource-metrics.json,test_methods,0,int
3,2,2025-12-15T23:00:35.935525,resource-metrics.json,assertions,0,int
3,2,2025-12-15T23:00:35.935526,resource-metrics.json,coverage,N/A,str
3,2,2025-12-15T23:00:35.935527,resource-metrics.json,total_goals,N/A,str
3,2,2025-12-15T23:00:35.935528,resource-metrics.json,covered_goals,N/A,str
3,2,2025-12-15T23:00:35.935558,exit-status.json,endpoint_id,3,int
3,2,2025-12-15T23:00:35.935562,exit-status.json,run_number,2,int
3,2,2025-12-15T23:00:35.935564,exit-status.json,generation_status,FAILED,str
3,2,2025-12-15T23:00:35.935565,exit-status.json,exit_code,1,int
3,2,2025-12-15T23:00:35.935566,exit-status.json,timed_out,False,bool
3,2,2025-12-15T23:00:35.935567,exit-status.json,hung_up,False,bool
3,2,2025-12-15T23:00:35.935568,exit-status.json,error_type,NO_CLASS_FILES,str
3,2,2025-12-15T23:00:35.935570,exit-status.json,error_message,"No class files generated - compilation failed: [ERROR] /project/src/main/java/com/cloudhubs/trainticket/cancel/service/TestFeign.java:[3,43] package org.springframework.cloud.openfeign does not exist [ERROR] /project/src/main/java/com/cloudhubs/trainticket/cancel/service/TestFeign.java:[7,2] cannot find symbol [ERROR] /project/src/main/java/com/cloudhubs/trainticket/cancel/service/AssuranceService.java:[7,27] package jakarta.transaction does not exist  ",str
3,2,2025-12-15T23:00:35.935571,exit-status.json,runs_without_error,False,bool
3,2,2025-12-15T23:00:35.935572,exit-status.json,threw_errors,True,bool
3,2,2025-12-15T23:00:35.935573,exit-status.json,error_counts,"{'total_errors': 12, 'missing_packages': 5, 'cannot_find_symbol': 7}",dict
3,2,2025-12-15T23:00:35.935575,exit-status.json,error_details_file,error-details.txt,str
3,3,2025-12-15T23:00:35.935652,resource-metrics.json,endpoint_id,3,int
3,3,2025-12-15T23:00:35.935656,resource-metrics.json,run_number,3,int
3,3,2025-12-15T23:00:35.935658,resource-metrics.json,start_timestamp,2025-12-16T02:32:02Z,str
3,3,2025-12-15T23:00:35.935659,resource-metrics.json,end_timestamp,2025-12-16T02:32:06Z,str
3,3,2025-12-15T23:00:35.935660,resource-metrics.json,duration_seconds,3.598509,float
3,3,2025-12-15T23:00:35.935661,resource-metrics.json,search_budget_seconds,120,int
3,3,2025-12-15T23:00:35.935663,resource-metrics.json,cpu_average_percent,0,int
3,3,2025-12-15T23:00:35.935664,resource-metrics.json,memory_peak_mb,0,int
3,3,2025-12-15T23:00:35.935665,resource-metrics.json,tests_generated,0,int
3,3,2025-12-15T23:00:35.935666,resource-metrics.json,test_methods,0,int
3,3,2025-12-15T23:00:35.935667,resource-metrics.json,assertions,0,int
3,3,2025-12-15T23:00:35.935668,resource-metrics.json,coverage,N/A,str
3,3,2025-12-15T23:00:35.935669,resource-metrics.json,total_goals,N/A,str
3,3,2025-12-15T23:00:35.935671,resource-metrics.json,covered_goals,N/A,str
3,3,2025-12-15T23:00:35.935700,exit-status.json,endpoint_id,3,int
3,3,2025-12-15T23:00:35.935704,exit-status.json,run_number,3,int
3,3,2025-12-15T23:00:35.935705,exit-status.json,generation_status,FAILED,str
3,3,2025-12-15T23:00:35.935706,exit-status.json,exit_code,1,int
3,3,2025-12-15T23:00:35.935708,exit-status.json,timed_out,False,bool
3,3,2025-12-15T23:00:35.935709,exit-status.json,hung_up,False,bool
3,3,2025-12-15T23:00:35.935710,exit-status.json,error_type,NO_CLASS_FILES,str
3,3,2025-12-15T23:00:35.935711,exit-status.json,error_message,"No class files generated - compilation failed: [ERROR] /project/src/main/java/com/cloudhubs/trainticket/cancel/service/TestFeign.java:[3,43] package org.springframework.cloud.openfeign does not exist [ERROR] /project/src/main/java/com/cloudhubs/trainticket/cancel/service/TestFeign.java:[7,2] cannot find symbol [ERROR] /project/src/main/java/com/cloudhubs/trainticket/cancel/service/AssuranceService.java:[7,27] package jakarta.transaction does not exist  ",str
3,3,2025-12-15T23:00:35.935712,exit-status.json,runs_without_error,False,bool
3,3,2025-12-15T23:00:35.935713,exit-status.json,threw_errors,True,bool
3,3,2025-12-15T23:00:35.935714,exit-status.json,error_counts,"{'total_errors': 12, 'missing_packages': 5, 'cannot_find_symbol': 7}",dict
3,3,2025-12-15T23:00:35.935716,exit-status.json,error_details_file,error-details.txt,str
4,1,2025-12-15T23:00:35.935823,resource-metrics.json,endpoint_id,4,int
4,1,2025-12-15T23:00:35.935827,resource-metrics.json,run_number,1,int
4,1,2025-12-15T23:00:35.935828,resource-metrics.json,start_timestamp,2025-12-16T02:32:16Z,str
4,1,2025-12-15T23:00:35.935829,resource-metrics.json,end_timestamp,2025-12-16T02:34:25Z,str
4,1,2025-12-15T23:00:35.935830,resource-metrics.json,duration_seconds,129.303173,float
4,1,2025-12-15T23:00:35.935832,resource-metrics.json,search_budget_seconds,120,int
4,1,2025-12-15T23:00:35.935834,resource-metrics.json,cpu_average_percent,121.47,float
4,1,2025-12-15T23:00:35.935835,resource-metrics.json,memory_peak_mb,726.8,float
4,1,2025-12-15T23:00:35.935837,resource-metrics.json,tests_generated,0,int
4,1,2025-12-15T23:00:35.935838,resource-metrics.json,test_methods,0,int
4,1,2025-12-15T23:00:35.935839,resource-metrics.json,assertions,0,int
4,1,2025-12-15T23:00:35.935841,resource-metrics.json,coverage,N/A,str
4,1,2025-12-15T23:00:35.935842,resource-metrics.json,total_goals,N/A,str
4,1,2025-12-15T23:00:35.935843,resource-metrics.json,covered_goals,N/A,str
4,2,2025-12-15T23:00:35.935939,resource-metrics.json,endpoint_id,4,int
4,2,2025-12-15T23:00:35.935943,resource-metrics.json,run_number,2,int
4,2,2025-12-15T23:00:35.935944,resource-metrics.json,start_timestamp,2025-12-16T02:34:31Z,str
4,2,2025-12-15T23:00:35.935945,resource-metrics.json,end_timestamp,2025-12-16T02:36:39Z,str
4,2,2025-12-15T23:00:35.935947,resource-metrics.json,duration_seconds,128.637551,float
4,2,2025-12-15T23:00:35.935948,resource-metrics.json,search_budget_seconds,120,int
4,2,2025-12-15T23:00:35.935949,resource-metrics.json,cpu_average_percent,127.71,float
4,2,2025-12-15T23:00:35.935951,resource-metrics.json,memory_peak_mb,917,int
4,2,2025-12-15T23:00:35.935952,resource-metrics.json,tests_generated,0,int
4,2,2025-12-15T23:00:35.935953,resource-metrics.json,test_methods,0,int
4,2,2025-12-15T23:00:35.935954,resource-metrics.json,assertions,0,int
4,2,2025-12-15T23:00:35.935955,resource-metrics.json,coverage,N/A,str
4,2,2025-12-15T23:00:35.935956,resource-metrics.json,total_goals,N/A,str
4,2,2025-12-15T23:00:35.935957,resource-metrics.json,covered_goals,N/A,str
4,3,2025-12-15T23:00:35.936046,resource-metrics.json,endpoint_id,4,int
4,3,2025-12-15T23:00:35.936050,resource-metrics.json,run_number,3,int
4,3,2025-12-15T23:00:35.936051,resource-metrics.json,start_timestamp,2025-12-16T02:36:44Z,str
4,3,2025-12-15T23:00:35.936052,resource-metrics.json,end_timestamp,2025-12-16T02:38:53Z,str
4,3,2025-12-15T23:00:35.936053,resource-metrics.json,duration_seconds,128.764779,float
4,3,2025-12-15T23:00:35.936055,resource-metrics.json,search_budget_seconds,120,int
4,3,2025-12-15T23:00:35.936056,resource-metrics.json,cpu_average_percent,133.47,float
4,3,2025-12-15T23:00:35.936057,resource-metrics.json,memory_peak_mb,747,int
4,3,2025-12-15T23:00:35.936059,resource-metrics.json,tests_generated,0,int
4,3,2025-12-15T23:00:35.936060,resource-metrics.json,test_methods,0,int
4,3,2025-12-15T23:00:35.936061,resource-metrics.json,assertions,0,int
4,3,2025-12-15T23:00:35.936062,resource-metrics.json,coverage,N/A,str
4,3,2025-12-15T23:00:35.936064,resource-metrics.json,total_goals,N/A,str
4,3,2025-12-15T23:00:35.936065,resource-metrics.json,covered_goals,N/A,str
5,1,2025-12-15T23:00:35.936193,resource-metrics.json,endpoint_id,5,int
5,1,2025-12-15T23:00:35.936197,resource-metrics.json,run_number,1,int
5,1,2025-12-15T23:00:35.936198,resource-metrics.json,start_timestamp,2025-12-16T02:39:03Z,str
5,1,2025-12-15T23:00:35.936199,resource-metrics.json,end_timestamp,2025-12-16T02:41:12Z,str
5,1,2025-12-15T23:00:35.936200,resource-metrics.json,duration_seconds,128.743275,float
5,1,2025-12-15T23:00:35.936202,resource-metrics.json,search_budget_seconds,120,int
5,1,2025-12-15T23:00:35.936203,resource-metrics.json,cpu_average_percent,122.92,float
5,1,2025-12-15T23:00:35.936204,resource-metrics.json,memory_peak_mb,700.5,float
5,1,2025-12-15T23:00:35.936206,resource-metrics.json,tests_generated,1,int
5,1,2025-12-15T23:00:35.936207,resource-metrics.json,test_methods,9,int
5,1,2025-12-15T23:00:35.936208,resource-metrics.json,assertions,16,int
5,1,2025-12-15T23:00:35.936209,resource-metrics.json,coverage,0.8449074074074074,str
5,1,2025-12-15T23:00:35.936211,resource-metrics.json,total_goals,55,str
5,1,2025-12-15T23:00:35.936212,resource-metrics.json,covered_goals,49,str
5,2,2025-12-15T23:00:35.936301,resource-metrics.json,endpoint_id,5,int
5,2,2025-12-15T23:00:35.936310,resource-metrics.json,run_number,2,int
5,2,2025-12-15T23:00:35.936311,resource-metrics.json,start_timestamp,2025-12-16T02:41:17Z,str
5,2,2025-12-15T23:00:35.936312,resource-metrics.json,end_timestamp,2025-12-16T02:43:27Z,str
5,2,2025-12-15T23:00:35.936313,resource-metrics.json,duration_seconds,129.360435,float
5,2,2025-12-15T23:00:35.936315,resource-metrics.json,search_budget_seconds,120,int
5,2,2025-12-15T23:00:35.936316,resource-metrics.json,cpu_average_percent,128.65,float
5,2,2025-12-15T23:00:35.936318,resource-metrics.json,memory_peak_mb,541.4,float
5,2,2025-12-15T23:00:35.936319,resource-metrics.json,tests_generated,1,int
5,2,2025-12-15T23:00:35.936320,resource-metrics.json,test_methods,9,int
5,2,2025-12-15T23:00:35.936321,resource-metrics.json,assertions,16,int
5,2,2025-12-15T23:00:35.936326,resource-metrics.json,coverage,0.8449074074074074,str
5,2,2025-12-15T23:00:35.936327,resource-metrics.json,total_goals,55,str
5,2,2025-12-15T23:00:35.936328,resource-metrics.json,covered_goals,49,str
5,3,2025-12-15T23:00:35.936415,resource-metrics.json,endpoint_id,5,int
5,3,2025-12-15T23:00:35.936419,resource-metrics.json,run_number,3,int
5,3,2025-12-15T23:00:35.936421,resource-metrics.json,start_timestamp,2025-12-16T02:43:32Z,str
5,3,2025-12-15T23:00:35.936422,resource-metrics.json,end_timestamp,2025-12-16T02:45:42Z,str
5,3,2025-12-15T23:00:35.936423,resource-metrics.json,duration_seconds,129.526315,float
5,3,2025-12-15T23:00:35.936425,resource-metrics.json,search_budget_seconds,120,int
5,3,2025-12-15T23:00:35.936426,resource-metrics.json,cpu_average_percent,128.17,float
5,3,2025-12-15T23:00:35.936427,resource-metrics.json,memory_peak_mb,464,int
5,3,2025-12-15T23:00:35.936428,resource-metrics.json,tests_generated,1,int
5,3,2025-12-15T23:00:35.936432,resource-metrics.json,test_methods,9,int
5,3,2025-12-15T23:00:35.936433,resource-metrics.json,assertions,16,int
5,3,2025-12-15T23:00:35.936435,resource-metrics.json,coverage,0.8449074074074074,str
5,3,2025-12-15T23:00:35.936436,resource-metrics.json,total_goals,55,str
5,3,2025-12-15T23:00:35.936437,resource-metrics.json,covered_goals,49,str
6,1,2025-12-15T23:00:35.936564,resource-metrics.json,endpoint_id,6,int
6,1,2025-12-15T23:00:35.936568,resource-metrics.json,run_number,1,int
6,1,2025-12-15T23:00:35.936569,resource-metrics.json,start_timestamp,2025-12-16T02:45:52Z,str
6,1,2025-12-15T23:00:35.936571,resource-metrics.json,end_timestamp,2025-12-16T02:45:55Z,str
6,1,2025-12-15T23:00:35.936572,resource-metrics.json,duration_seconds,3.302465,float
6,1,2025-12-15T23:00:35.936573,resource-metrics.json,search_budget_seconds,120,int
6,1,2025-12-15T23:00:35.936577,resource-metrics.json,cpu_average_percent,0,int
6,1,2025-12-15T23:00:35.936578,resource-metrics.json,memory_peak_mb,0,int
6,1,2025-12-15T23:00:35.936579,resource-metrics.json,tests_generated,0,int
6,1,2025-12-15T23:00:35.936580,resource-metrics.json,test_methods,0,int
6,1,2025-12-15T23:00:35.936581,resource-metrics.json,assertions,0,int
6,1,2025-12-15T23:00:35.936582,resource-metrics.json,coverage,N/A,str
6,1,2025-12-15T23:00:35.936584,resource-metrics.json,total_goals,N/A,str
6,1,2025-12-15T23:00:35.936585,resource-metrics.json,covered_goals,N/A,str
6,1,2025-12-15T23:00:35.936621,exit-status.json,endpoint_id,6,int
6,1,2025-12-15T23:00:35.936625,exit-status.json,run_number,1,int
6,1,2025-12-15T23:00:35.936626,exit-status.json,generation_status,FAILED,str
6,1,2025-12-15T23:00:35.936627,exit-status.json,exit_code,1,int
6,1,2025-12-15T23:00:35.936629,exit-status.json,timed_out,False,bool
6,1,2025-12-15T23:00:35.936630,exit-status.json,hung_up,False,bool
6,1,2025-12-15T23:00:35.936631,exit-status.json,error_type,NO_CLASS_FILES,str
6,1,2025-12-15T23:00:35.936632,exit-status.json,error_message,"No class files generated - compilation failed: [ERROR] /project/src/main/java/com/cloudhubs/trainticket/order/service/impl/PreserveServiceImpl.java:[35,42] package com.cloudhubs.trainticket.order.mq does not exist [ERROR] /project/src/main/java/com/cloudhubs/trainticket/order/service/impl/PreserveServiceImpl.java:[53,13] cannot find symbol [ERROR] /project/src/main/java/com/cloudhubs/trainticket/order/service/impl/PreserveOtherServiceImpl.java:[36,42] package com.cloudhubs.trainticket.order.mq d",str
6,1,2025-12-15T23:00:35.936633,exit-status.json,runs_without_error,False,bool
6,1,2025-12-15T23:00:35.936634,exit-status.json,threw_errors,True,bool
6,1,2025-12-15T23:00:35.936635,exit-status.json,error_counts,"{'total_errors': 4, 'missing_packages': 2, 'cannot_find_symbol': 2}",dict
6,1,2025-12-15T23:00:35.936637,exit-status.json,error_details_file,error-details.txt,str
6,2,2025-12-15T23:00:35.936698,resource-metrics.json,endpoint_id,6,int
6,2,2025-12-15T23:00:35.936702,resource-metrics.json,run_number,2,int
6,2,2025-12-15T23:00:35.936703,resource-metrics.json,start_timestamp,2025-12-16T02:46:00Z,str
6,2,2025-12-15T23:00:35.936705,resource-metrics.json,end_timestamp,2025-12-16T02:46:04Z,str
6,2,2025-12-15T23:00:35.936706,resource-metrics.json,duration_seconds,3.49058,float
6,2,2025-12-15T23:00:35.936707,resource-metrics.json,search_budget_seconds,120,int
6,2,2025-12-15T23:00:35.936708,resource-metrics.json,cpu_average_percent,0,int
6,2,2025-12-15T23:00:35.936710,resource-metrics.json,memory_peak_mb,0,int
6,2,2025-12-15T23:00:35.936711,resource-metrics.json,tests_generated,0,int
6,2,2025-12-15T23:00:35.936712,resource-metrics.json,test_methods,0,int
6,2,2025-12-15T23:00:35.936713,resource-metrics.json,assertions,0,int
6,2,2025-12-15T23:00:35.936714,resource-metrics.json,coverage,N/A,str
6,2,2025-12-15T23:00:35.936715,resource-metrics.json,total_goals,N/A,str
6,2,2025-12-15T23:00:35.936717,resource-metrics.json,covered_goals,N/A,str
6,2,2025-12-15T23:00:35.936743,exit-status.json,endpoint_id,6,int
6,2,2025-12-15T23:00:35.936749,exit-status.json,run_number,2,int
6,2,2025-12-15T23:00:35.936750,exit-status.json,generation_status,FAILED,str
6,2,2025-12-15T23:00:35.936751,exit-status.json,exit_code,1,int
6,2,2025-12-15T23:00:35.936752,exit-status.json,timed_out,False,bool
6,2,2025-12-15T23:00:35.936753,exit-status.json,hung_up,False,bool
6,2,2025-12-15T23:00:35.936755,exit-status.json,error_type,NO_CLASS_FILES,str
6,2,2025-12-15T23:00:35.936756,exit-status.json,error_message,"No class files generated - compilation failed: [ERROR] /project/src/main/java/com/cloudhubs/trainticket/order/service/impl/PreserveServiceImpl.java:[35,42] package com.cloudhubs.trainticket.order.mq does not exist [ERROR] /project/src/main/java/com/cloudhubs/trainticket/order/service/impl/PreserveServiceImpl.java:[53,13] cannot find symbol [ERROR] /project/src/main/java/com/cloudhubs/trainticket/order/service/impl/PreserveOtherServiceImpl.java:[36,42] package com.cloudhubs.trainticket.order.mq d",str
6,2,2025-12-15T23:00:35.936757,exit-status.json,runs_without_error,False,bool
6,2,2025-12-15T23:00:35.936758,exit-status.json,threw_errors,True,bool
6,2,2025-12-15T23:00:35.936759,exit-status.json,error_counts,"{'total_errors': 4, 'missing_packages': 2, 'cannot_find_symbol': 2}",dict
6,2,2025-12-15T23:00:35.936761,exit-status.json,error_details_file,error-details.txt,str
6,3,2025-12-15T23:00:35.936823,resource-metrics.json,endpoint_id,6,int
6,3,2025-12-15T23:00:35.936826,resource-metrics.json,run_number,3,int
6,3,2025-12-15T23:00:35.936828,resource-metrics.json,start_timestamp,2025-12-16T02:46:09Z,str
6,3,2025-12-15T23:00:35.936829,resource-metrics.json,end_timestamp,2025-12-16T02:46:12Z,str
6,3,2025-12-15T23:00:35.936830,resource-metrics.json,duration_seconds,3.23857,float
6,3,2025-12-15T23:00:35.936832,resource-metrics.json,search_budget_seconds,120,int
6,3,2025-12-15T23:00:35.936833,resource-metrics.json,cpu_average_percent,0,int
6,3,2025-12-15T23:00:35.936834,resource-metrics.json,memory_peak_mb,0,int
6,3,2025-12-15T23:00:35.936835,resource-metrics.json,tests_generated,0,int
6,3,2025-12-15T23:00:35.936836,resource-metrics.json,test_methods,0,int
6,3,2025-12-15T23:00:35.936837,resource-metrics.json,assertions,0,int
6,3,2025-12-15T23:00:35.936839,resource-metrics.json,coverage,N/A,str
6,3,2025-12-15T23:00:35.936841,resource-metrics.json,total_goals,N/A,str
6,3,2025-12-15T23:00:35.936842,resource-metrics.json,covered_goals,N/A,str
6,3,2025-12-15T23:00:35.936872,exit-status.json,endpoint_id,6,int
6,3,2025-12-15T23:00:35.936879,exit-status.json,run_number,3,int
6,3,2025-12-15T23:00:35.936880,exit-status.json,generation_status,FAILED,str
6,3,2025-12-15T23:00:35.936881,exit-status.json,exit_code,1,int
6,3,2025-12-15T23:00:35.936882,exit-status.json,timed_out,False,bool
6,3,2025-12-15T23:00:35.936883,exit-status.json,hung_up,False,bool
6,3,2025-12-15T23:00:35.936884,exit-status.json,error_type,NO_CLASS_FILES,str
6,3,2025-12-15T23:00:35.936887,exit-status.json,error_message,"No class files generated - compilation failed: [ERROR] /project/src/main/java/com/cloudhubs/trainticket/order/service/impl/PreserveServiceImpl.java:[35,42] package com.cloudhubs.trainticket.order.mq does not exist [ERROR] /project/src/main/java/com/cloudhubs/trainticket/order/service/impl/PreserveServiceImpl.java:[53,13] cannot find symbol [ERROR] /project/src/main/java/com/cloudhubs/trainticket/order/service/impl/PreserveOtherServiceImpl.java:[36,42] package com.cloudhubs.trainticket.order.mq d",str
6,3,2025-12-15T23:00:35.936888,exit-status.json,runs_without_error,False,bool
6,3,2025-12-15T23:00:35.936890,exit-status.json,threw_errors,True,bool
6,3,2025-12-15T23:00:35.936891,exit-status.json,error_counts,"{'total_errors': 4, 'missing_packages': 2, 'cannot_find_symbol': 2}",dict
6,3,2025-12-15T23:00:35.936895,exit-status.json,error_details_file,error-details.txt,str
7,1,2025-12-15T23:00:35.936993,resource-metrics.json,endpoint_id,7,int
7,1,2025-12-15T23:00:35.936997,resource-metrics.json,run_number,1,int
7,1,2025-12-15T23:00:35.936998,resource-metrics.json,start_timestamp,2025-12-16T02:46:22Z,str
7,1,2025-12-15T23:00:35.936999,resource-metrics.json,end_timestamp,2025-12-16T02:48:31Z,str
7,1,2025-12-15T23:00:35.937000,resource-metrics.json,duration_seconds,128.58438,float
7,1,2025-12-15T23:00:35.937002,resource-metrics.json,search_budget_seconds,120,int
7,1,2025-12-15T23:00:35.937003,resource-metrics.json,cpu_average_percent,122.36,float
7,1,2025-12-15T23:00:35.937004,resource-metrics.json,memory_peak_mb,745.2,float
7,1,2025-12-15T23:00:35.937006,resource-metrics.json,tests_generated,0,int
7,1,2025-12-15T23:00:35.937007,resource-metrics.json,test_methods,0,int
7,1,2025-12-15T23:00:35.937008,resource-metrics.json,assertions,0,int
7,1,2025-12-15T23:00:35.937009,resource-metrics.json,coverage,N/A,str
7,1,2025-12-15T23:00:35.937010,resource-metrics.json,total_goals,N/A,str
7,1,2025-12-15T23:00:35.937011,resource-metrics.json,covered_goals,N/A,str
7,2,2025-12-15T23:00:35.937101,resource-metrics.json,endpoint_id,7,int
7,2,2025-12-15T23:00:35.937105,resource-metrics.json,run_number,2,int
7,2,2025-12-15T23:00:35.937106,resource-metrics.json,start_timestamp,2025-12-16T02:48:36Z,str
7,2,2025-12-15T23:00:35.937107,resource-metrics.json,end_timestamp,2025-12-16T02:50:45Z,str
7,2,2025-12-15T23:00:35.937108,resource-metrics.json,duration_seconds,128.497339,float
7,2,2025-12-15T23:00:35.937110,resource-metrics.json,search_budget_seconds,120,int
7,2,2025-12-15T23:00:35.937111,resource-metrics.json,cpu_average_percent,129.85,float
7,2,2025-12-15T23:00:35.937113,resource-metrics.json,memory_peak_mb,757.7,float
7,2,2025-12-15T23:00:35.937114,resource-metrics.json,tests_generated,0,int
7,2,2025-12-15T23:00:35.937115,resource-metrics.json,test_methods,0,int
7,2,2025-12-15T23:00:35.937116,resource-metrics.json,assertions,0,int
7,2,2025-12-15T23:00:35.937117,resource-metrics.json,coverage,N/A,str
7,2,2025-12-15T23:00:35.937119,resource-metrics.json,total_goals,N/A,str
7,2,2025-12-15T23:00:35.937120,resource-metrics.json,covered_goals,N/A,str
7,3,2025-12-15T23:00:35.937210,resource-metrics.json,endpoint_id,7,int
7,3,2025-12-15T23:00:35.937216,resource-metrics.json,run_number,3,int
7,3,2025-12-15T23:00:35.937218,resource-metrics.json,start_timestamp,2025-12-16T02:50:50Z,str
7,3,2025-12-15T23:00:35.937219,resource-metrics.json,end_timestamp,2025-12-16T02:52:59Z,str
7,3,2025-12-15T23:00:35.937220,resource-metrics.json,duration_seconds,128.946192,float
7,3,2025-12-15T23:00:35.937222,resource-metrics.json,search_budget_seconds,120,int
7,3,2025-12-15T23:00:35.937223,resource-metrics.json,cpu_average_percent,124.52,float
7,3,2025-12-15T23:00:35.937224,resource-metrics.json,memory_peak_mb,695,int
7,3,2025-12-15T23:00:35.937225,resource-metrics.json,tests_generated,0,int
7,3,2025-12-15T23:00:35.937226,resource-metrics.json,test_methods,0,int
7,3,2025-12-15T23:00:35.937228,resource-metrics.json,assertions,0,int
7,3,2025-12-15T23:00:35.937229,resource-metrics.json,coverage,N/A,str
7,3,2025-12-15T23:00:35.937230,resource-metrics.json,total_goals,N/A,str
7,3,2025-12-15T23:00:35.937231,resource-metrics.json,covered_goals,N/A,str
8,1,2025-12-15T23:00:35.937353,resource-metrics.json,endpoint_id,8,int
8,1,2025-12-15T23:00:35.937357,resource-metrics.json,run_number,1,int
8,1,2025-12-15T23:00:35.937358,resource-metrics.json,start_timestamp,2025-12-16T02:53:09Z,str
8,1,2025-12-15T23:00:35.937359,resource-metrics.json,end_timestamp,2025-12-16T02:55:18Z,str
8,1,2025-12-15T23:00:35.937360,resource-metrics.json,duration_seconds,128.907279,float
8,1,2025-12-15T23:00:35.937362,resource-metrics.json,search_budget_seconds,120,int
8,1,2025-12-15T23:00:35.937363,resource-metrics.json,cpu_average_percent,124.44,float
8,1,2025-12-15T23:00:35.937364,resource-metrics.json,memory_peak_mb,733.1,float
8,1,2025-12-15T23:00:35.937366,resource-metrics.json,tests_generated,1,int
8,1,2025-12-15T23:00:35.937367,resource-metrics.json,test_methods,9,int
8,1,2025-12-15T23:00:35.937368,resource-metrics.json,assertions,16,int
8,1,2025-12-15T23:00:35.937369,resource-metrics.json,coverage,0.8449074074074074,str
8,1,2025-12-15T23:00:35.937370,resource-metrics.json,total_goals,55,str
8,1,2025-12-15T23:00:35.937372,resource-metrics.json,covered_goals,49,str
8,2,2025-12-15T23:00:35.937462,resource-metrics.json,endpoint_id,8,int
8,2,2025-12-15T23:00:35.937466,resource-metrics.json,run_number,2,int
8,2,2025-12-15T23:00:35.937467,resource-metrics.json,start_timestamp,2025-12-16T02:55:23Z,str
8,2,2025-12-15T23:00:35.937469,resource-metrics.json,end_timestamp,2025-12-16T02:57:32Z,str
8,2,2025-12-15T23:00:35.937470,resource-metrics.json,duration_seconds,128.570702,float
8,2,2025-12-15T23:00:35.937471,resource-metrics.json,search_budget_seconds,120,int
8,2,2025-12-15T23:00:35.937472,resource-metrics.json,cpu_average_percent,127.2,float
8,2,2025-12-15T23:00:35.937474,resource-metrics.json,memory_peak_mb,798.4,float
8,2,2025-12-15T23:00:35.937475,resource-metrics.json,tests_generated,1,int
8,2,2025-12-15T23:00:35.937476,resource-metrics.json,test_methods,9,int
8,2,2025-12-15T23:00:35.937477,resource-metrics.json,assertions,16,int
8,2,2025-12-15T23:00:35.937478,resource-metrics.json,coverage,0.8449074074074074,str
8,2,2025-12-15T23:00:35.937479,resource-metrics.json,total_goals,55,str
8,2,2025-12-15T23:00:35.937481,resource-metrics.json,covered_goals,49,str
8,3,2025-12-15T23:00:35.937567,resource-metrics.json,endpoint_id,8,int
8,3,2025-12-15T23:00:35.937571,resource-metrics.json,run_number,3,int
8,3,2025-12-15T23:00:35.937572,resource-metrics.json,start_timestamp,2025-12-16T02:57:37Z,str
8,3,2025-12-15T23:00:35.937575,resource-metrics.json,end_timestamp,2025-12-16T02:59:46Z,str
8,3,2025-12-15T23:00:35.937576,resource-metrics.json,duration_seconds,128.607065,float
8,3,2025-12-15T23:00:35.937578,resource-metrics.json,search_budget_seconds,120,int
8,3,2025-12-15T23:00:35.937579,resource-metrics.json,cpu_average_percent,122.57,float
8,3,2025-12-15T23:00:35.937581,resource-metrics.json,memory_peak_mb,749.4,float
8,3,2025-12-15T23:00:35.937583,resource-metrics.json,tests_generated,1,int
8,3,2025-12-15T23:00:35.937585,resource-metrics.json,test_methods,9,int
8,3,2025-12-15T23:00:35.937587,resource-metrics.json,assertions,16,int
8,3,2025-12-15T23:00:35.937588,resource-metrics.json,coverage,0.8449074074074074,str
8,3,2025-12-15T23:00:35.937589,resource-metrics.json,total_goals,55,str
8,3,2025-12-15T23:00:35.937590,resource-metrics.json,covered_goals,49,str
9,1,2025-12-15T23:00:35.937715,resource-metrics.json,endpoint_id,9,int
9,1,2025-12-15T23:00:35.937719,resource-metrics.json,run_number,1,int
9,1,2025-12-15T23:00:35.937720,resource-metrics.json,start_timestamp,2025-12-16T02:59:56Z,str
9,1,2025-12-15T23:00:35.937722,resource-metrics.json,end_timestamp,2025-12-16T02:59:59Z,str
9,1,2025-12-15T23:00:35.937723,resource-metrics.json,duration_seconds,3.181564,float
9,1,2025-12-15T23:00:35.937724,resource-metrics.json,search_budget_seconds,120,int
9,1,2025-12-15T23:00:35.937725,resource-metrics.json,cpu_average_percent,0,int
9,1,2025-12-15T23:00:35.937727,resource-metrics.json,memory_peak_mb,0,int
9,1,2025-12-15T23:00:35.937728,resource-metrics.json,tests_generated,0,int
9,1,2025-12-15T23:00:35.937729,resource-metrics.json,test_methods,0,int
9,1,2025-12-15T23:00:35.937730,resource-metrics.json,assertions,0,int
9,1,2025-12-15T23:00:35.937731,resource-metrics.json,coverage,N/A,str
9,1,2025-12-15T23:00:35.937733,resource-metrics.json,total_goals,N/A,str
9,1,2025-12-15T23:00:35.937734,resource-metrics.json,covered_goals,N/A,str
9,1,2025-12-15T23:00:35.937763,exit-status.json,endpoint_id,9,int
9,1,2025-12-15T23:00:35.937767,exit-status.json,run_number,1,int
9,1,2025-12-15T23:00:35.937768,exit-status.json,generation_status,FAILED,str
9,1,2025-12-15T23:00:35.937769,exit-status.json,exit_code,1,int
9,1,2025-12-15T23:00:35.937770,exit-status.json,timed_out,False,bool
9,1,2025-12-15T23:00:35.937772,exit-status.json,hung_up,False,bool
9,1,2025-12-15T23:00:35.937773,exit-status.json,error_type,NO_CLASS_FILES,str
9,1,2025-12-15T23:00:35.937774,exit-status.json,error_message,"No class files generated - compilation failed: [ERROR] /project/src/main/java/com/cloudhubs/trainticket/order/service/impl/PreserveServiceImpl.java:[35,42] package com.cloudhubs.trainticket.order.mq does not exist [ERROR] /project/src/main/java/com/cloudhubs/trainticket/order/service/impl/PreserveServiceImpl.java:[53,13] cannot find symbol [ERROR] /project/src/main/java/com/cloudhubs/trainticket/order/service/impl/PreserveOtherServiceImpl.java:[36,42] package com.cloudhubs.trainticket.order.mq d",str
9,1,2025-12-15T23:00:35.937775,exit-status.json,runs_without_error,False,bool
9,1,2025-12-15T23:00:35.937776,exit-status.json,threw_errors,True,bool
9,1,2025-12-15T23:00:35.937777,exit-status.json,error_counts,"{'total_errors': 4, 'missing_packages': 2, 'cannot_find_symbol': 2}",dict
9,1,2025-12-15T23:00:35.937779,exit-status.json,error_details_file,error-details.txt,str
9,2,2025-12-15T23:00:35.937836,resource-metrics.json,endpoint_id,9,int
9,2,2025-12-15T23:00:35.937840,resource-metrics.json,run_number,2,int
9,2,2025-12-15T23:00:35.937841,resource-metrics.json,start_timestamp,2025-12-16T03:00:04Z,str
9,2,2025-12-15T23:00:35.937843,resource-metrics.json,end_timestamp,2025-12-16T03:00:07Z,str
9,2,2025-12-15T23:00:35.937844,resource-metrics.json,duration_seconds,3.240267,float
9,2,2025-12-15T23:00:35.937845,resource-metrics.json,search_budget_seconds,120,int
9,2,2025-12-15T23:00:35.937846,resource-metrics.json,cpu_average_percent,0,int
9,2,2025-12-15T23:00:35.937848,resource-metrics.json,memory_peak_mb,0,int
9,2,2025-12-15T23:00:35.937849,resource-metrics.json,tests_generated,0,int
9,2,2025-12-15T23:00:35.937852,resource-metrics.json,test_methods,0,int
9,2,2025-12-15T23:00:35.937853,resource-metrics.json,assertions,0,int
9,2,2025-12-15T23:00:35.937854,resource-metrics.json,coverage,N/A,str
9,2,2025-12-15T23:00:35.937855,resource-metrics.json,total_goals,N/A,str
9,2,2025-12-15T23:00:35.937856,resource-metrics.json,covered_goals,N/A,str
9,2,2025-12-15T23:00:35.937884,exit-status.json,endpoint_id,9,int
9,2,2025-12-15T23:00:35.937887,exit-status.json,run_number,2,int
9,2,2025-12-15T23:00:35.937889,exit-status.json,generation_status,FAILED,str
9,2,2025-12-15T23:00:35.937890,exit-status.json,exit_code,1,int
9,2,2025-12-15T23:00:35.937891,exit-status.json,timed_out,False,bool
9,2,2025-12-15T23:00:35.937892,exit-status.json,hung_up,False,bool
9,2,2025-12-15T23:00:35.937893,exit-status.json,error_type,NO_CLASS_FILES,str
9,2,2025-12-15T23:00:35.937895,exit-status.json,error_message,"No class files generated - compilation failed: [ERROR] /project/src/main/java/com/cloudhubs/trainticket/order/service/impl/PreserveServiceImpl.java:[35,42] package com.cloudhubs.trainticket.order.mq does not exist [ERROR] /project/src/main/java/com/cloudhubs/trainticket/order/service/impl/PreserveServiceImpl.java:[53,13] cannot find symbol [ERROR] /project/src/main/java/com/cloudhubs/trainticket/order/service/impl/PreserveOtherServiceImpl.java:[36,42] package com.cloudhubs.trainticket.order.mq d",str
9,2,2025-12-15T23:00:35.937896,exit-status.json,runs_without_error,False,bool
9,2,2025-12-15T23:00:35.937898,exit-status.json,threw_errors,True,bool
9,2,2025-12-15T23:00:35.937899,exit-status.json,error_counts,"{'total_errors': 4, 'missing_packages': 2, 'cannot_find_symbol': 2}",dict
9,2,2025-12-15T23:00:35.937900,exit-status.json,error_details_file,error-details.txt,str
9,3,2025-12-15T23:00:35.937958,resource-metrics.json,endpoint_id,9,int
9,3,2025-12-15T23:00:35.937962,resource-metrics.json,run_number,3,int
9,3,2025-12-15T23:00:35.937963,resource-metrics.json,start_timestamp,2025-12-16T03:00:13Z,str
9,3,2025-12-15T23:00:35.937964,resource-metrics.json,end_timestamp,2025-12-16T03:00:16Z,str
9,3,2025-12-15T23:00:35.937965,resource-metrics.json,duration_seconds,3.19891,float
9,3,2025-12-15T23:00:35.937967,resource-metrics.json,search_budget_seconds,120,int
9,3,2025-12-15T23:00:35.937968,resource-metrics.json,cpu_average_percent,0,int
9,3,2025-12-15T23:00:35.937969,resource-metrics.json,memory_peak_mb,0,int
9,3,2025-12-15T23:00:35.937970,resource-metrics.json,tests_generated,0,int
9,3,2025-12-15T23:00:35.937972,resource-metrics.json,test_methods,0,int
9,3,2025-12-15T23:00:35.937973,resource-metrics.json,assertions,0,int
9,3,2025-12-15T23:00:35.937974,resource-metrics.json,coverage,N/A,str
9,3,2025-12-15T23:00:35.937975,resource-metrics.json,total_goals,N/A,str
9,3,2025-12-15T23:00:35.937981,resource-metrics.json,covered_goals,N/A,str
9,3,2025-12-15T23:00:35.938009,exit-status.json,endpoint_id,9,int
9,3,2025-12-15T23:00:35.938013,exit-status.json,run_number,3,int
9,3,2025-12-15T23:00:35.938014,exit-status.json,generation_status,FAILED,str
9,3,2025-12-15T23:00:35.938016,exit-status.json,exit_code,1,int
9,3,2025-12-15T23:00:35.938017,exit-status.json,timed_out,False,bool
9,3,2025-12-15T23:00:35.938018,exit-status.json,hung_up,False,bool
9,3,2025-12-15T23:00:35.938019,exit-status.json,error_type,NO_CLASS_FILES,str
9,3,2025-12-15T23:00:35.938020,exit-status.json,error_message,"No class files generated - compilation failed: [ERROR] /project/src/main/java/com/cloudhubs/trainticket/order/service/impl/PreserveServiceImpl.java:[35,42] package com.cloudhubs.trainticket.order.mq does not exist [ERROR] /project/src/main/java/com/cloudhubs/trainticket/order/service/impl/PreserveServiceImpl.java:[53,13] cannot find symbol [ERROR] /project/src/main/java/com/cloudhubs/trainticket/order/service/impl/PreserveOtherServiceImpl.java:[36,42] package com.cloudhubs.trainticket.order.mq d",str
9,3,2025-12-15T23:00:35.938021,exit-status.json,runs_without_error,False,bool
9,3,2025-12-15T23:00:35.938023,exit-status.json,threw_errors,True,bool
9,3,2025-12-15T23:00:35.938024,exit-status.json,error_counts,"{'total_errors': 4, 'missing_packages': 2, 'cannot_find_symbol': 2}",dict
9,3,2025-12-15T23:00:35.938025,exit-status.json,error_details_file,error-details.txt,str
10,1,2025-12-15T23:00:35.938115,resource-metrics.json,endpoint_id,10,int
10,1,2025-12-15T23:00:35.938119,resource-metrics.json,run_number,1,int
10,1,2025-12-15T23:00:35.938120,resource-metrics.json,start_timestamp,2025-12-16T03:00:26Z,str
10,1,2025-12-15T23:00:35.938121,resource-metrics.json,end_timestamp,2025-12-16T03:00:29Z,str
10,1,2025-12-15T23:00:35.938122,resource-metrics.json,duration_seconds,3.481497,float
10,1,2025-12-15T23:00:35.938124,resource-metrics.json,search_budget_seconds,120,int
10,1,2025-12-15T23:00:35.938125,resource-metrics.json,cpu_average_percent,0,int
10,1,2025-12-15T23:00:35.938126,resource-metrics.json,memory_peak_mb,0,int
10,1,2025-12-15T23:00:35.938127,resource-metrics.json,tests_generated,0,int
10,1,2025-12-15T23:00:35.938129,resource-metrics.json,test_methods,0,int
10,1,2025-12-15T23:00:35.938130,resource-metrics.json,assertions,0,int
10,1,2025-12-15T23:00:35.938131,resource-metrics.json,coverage,N/A,str
10,1,2025-12-15T23:00:35.938132,resource-metrics.json,total_goals,N/A,str
10,1,2025-12-15T23:00:35.938133,resource-metrics.json,covered_goals,N/A,str
10,1,2025-12-15T23:00:35.938160,exit-status.json,endpoint_id,10,int
10,1,2025-12-15T23:00:35.938164,exit-status.json,run_number,1,int
10,1,2025-12-15T23:00:35.938165,exit-status.json,generation_status,FAILED,str
10,1,2025-12-15T23:00:35.938167,exit-status.json,exit_code,1,int
10,1,2025-12-15T23:00:35.938168,exit-status.json,timed_out,False,bool
10,1,2025-12-15T23:00:35.938169,exit-status.json,hung_up,False,bool
10,1,2025-12-15T23:00:35.938170,exit-status.json,error_type,NO_CLASS_FILES,str
10,1,2025-12-15T23:00:35.938171,exit-status.json,error_message,"No class files generated - compilation failed: [ERROR] /project/src/main/java/com/cloudhubs/trainticket/preserve/service/impl/PreserveOtherServiceImpl.java:[36,45] package com.cloudhubs.trainticket.preserve.mq does not exist [ERROR] /project/src/main/java/com/cloudhubs/trainticket/preserve/service/impl/PreserveOtherServiceImpl.java:[54,13] cannot find symbol [ERROR] /project/src/main/java/com/cloudhubs/trainticket/preserve/service/impl/TravelService2Impl.java:[43,27] package jakarta.transaction ",str
10,1,2025-12-15T23:00:35.938172,exit-status.json,runs_without_error,False,bool
10,1,2025-12-15T23:00:35.938173,exit-status.json,threw_errors,True,bool
10,1,2025-12-15T23:00:35.938174,exit-status.json,error_counts,"{'total_errors': 6, 'missing_packages': 3, 'cannot_find_symbol': 3}",dict
10,1,2025-12-15T23:00:35.938176,exit-status.json,error_details_file,error-details.txt,str
10,2,2025-12-15T23:00:35.938234,resource-metrics.json,endpoint_id,10,int
10,2,2025-12-15T23:00:35.938238,resource-metrics.json,run_number,2,int
10,2,2025-12-15T23:00:35.938239,resource-metrics.json,start_timestamp,2025-12-16T03:00:35Z,str
10,2,2025-12-15T23:00:35.938240,resource-metrics.json,end_timestamp,2025-12-16T03:00:38Z,str
10,2,2025-12-15T23:00:35.938242,resource-metrics.json,duration_seconds,3.452466,float
10,2,2025-12-15T23:00:35.938243,resource-metrics.json,search_budget_seconds,120,int
10,2,2025-12-15T23:00:35.938244,resource-metrics.json,cpu_average_percent,0,int
10,2,2025-12-15T23:00:35.938245,resource-metrics.json,memory_peak_mb,0,int
10,2,2025-12-15T23:00:35.938247,resource-metrics.json,tests_generated,0,int
10,2,2025-12-15T23:00:35.938248,resource-metrics.json,test_methods,0,int
10,2,2025-12-15T23:00:35.938249,resource-metrics.json,assertions,0,int
10,2,2025-12-15T23:00:35.938250,resource-metrics.json,coverage,N/A,str
10,2,2025-12-15T23:00:35.938251,resource-metrics.json,total_goals,N/A,str
10,2,2025-12-15T23:00:35.938253,resource-metrics.json,covered_goals,N/A,str
10,2,2025-12-15T23:00:35.938283,exit-status.json,endpoint_id,10,int
10,2,2025-12-15T23:00:35.938287,exit-status.json,run_number,2,int
10,2,2025-12-15T23:00:35.938288,exit-status.json,generation_status,FAILED,str
10,2,2025-12-15T23:00:35.938289,exit-status.json,exit_code,1,int
10,2,2025-12-15T23:00:35.938291,exit-status.json,timed_out,False,bool
10,2,2025-12-15T23:00:35.938292,exit-status.json,hung_up,False,bool
10,2,2025-12-15T23:00:35.938293,exit-status.json,error_type,NO_CLASS_FILES,str
10,2,2025-12-15T23:00:35.938294,exit-status.json,error_message,"No class files generated - compilation failed: [ERROR] /project/src/main/java/com/cloudhubs/trainticket/preserve/service/impl/PreserveOtherServiceImpl.java:[36,45] package com.cloudhubs.trainticket.preserve.mq does not exist [ERROR] /project/src/main/java/com/cloudhubs/trainticket/preserve/service/impl/PreserveOtherServiceImpl.java:[54,13] cannot find symbol [ERROR] /project/src/main/java/com/cloudhubs/trainticket/preserve/service/impl/TravelService2Impl.java:[43,27] package jakarta.transaction ",str
10,2,2025-12-15T23:00:35.938295,exit-status.json,runs_without_error,False,bool
10,2,2025-12-15T23:00:35.938296,exit-status.json,threw_errors,True,bool
10,2,2025-12-15T23:00:35.938297,exit-status.json,error_counts,"{'total_errors': 6, 'missing_packages': 3, 'cannot_find_symbol': 3}",dict
10,2,2025-12-15T23:00:35.938299,exit-status.json,error_details_file,error-details.txt,str
10,3,2025-12-15T23:00:35.938359,resource-metrics.json,endpoint_id,10,int
10,3,2025-12-15T23:00:35.938363,resource-metrics.json,run_number,3,int
10,3,2025-12-15T23:00:35.938364,resource-metrics.json,start_timestamp,2025-12-16T03:00:43Z,str
10,3,2025-12-15T23:00:35.938365,resource-metrics.json,end_timestamp,2025-12-16T03:00:47Z,str
10,3,2025-12-15T23:00:35.938366,resource-metrics.json,duration_seconds,3.389353,float
10,3,2025-12-15T23:00:35.938368,resource-metrics.json,search_budget_seconds,120,int
10,3,2025-12-15T23:00:35.938369,resource-metrics.json,cpu_average_percent,0,int
10,3,2025-12-15T23:00:35.938370,resource-metrics.json,memory_peak_mb,0,int
10,3,2025-12-15T23:00:35.938371,resource-metrics.json,tests_generated,0,int
10,3,2025-12-15T23:00:35.938372,resource-metrics.json,test_methods,0,int
10,3,2025-12-15T23:00:35.938373,resource-metrics.json,assertions,0,int
10,3,2025-12-15T23:00:35.938374,resource-metrics.json,coverage,N/A,str
10,3,2025-12-15T23:00:35.938375,resource-metrics.json,total_goals,N/A,str
10,3,2025-12-15T23:00:35.938377,resource-metrics.json,covered_goals,N/A,str
10,3,2025-12-15T23:00:35.938405,exit-status.json,endpoint_id,10,int
10,3,2025-12-15T23:00:35.938409,exit-status.json,run_number,3,int
10,3,2025-12-15T23:00:35.938411,exit-status.json,generation_status,FAILED,str
10,3,2025-12-15T23:00:35.938412,exit-status.json,exit_code,1,int
10,3,2025-12-15T23:00:35.938413,exit-status.json,timed_out,False,bool
10,3,2025-12-15T23:00:35.938414,exit-status.json,hung_up,False,bool
10,3,2025-12-15T23:00:35.938415,exit-status.json,error_type,NO_CLASS_FILES,str
10,3,2025-12-15T23:00:35.938416,exit-status.json,error_message,"No class files generated - compilation failed: [ERROR] /project/src/main/java/com/cloudhubs/trainticket/preserve/service/impl/PreserveOtherServiceImpl.java:[36,45] package com.cloudhubs.trainticket.preserve.mq does not exist [ERROR] /project/src/main/java/com/cloudhubs/trainticket/preserve/service/impl/PreserveOtherServiceImpl.java:[54,13] cannot find symbol [ERROR] /project/src/main/java/com/cloudhubs/trainticket/preserve/service/impl/TravelService2Impl.java:[43,27] package jakarta.transaction ",str
10,3,2025-12-15T23:00:35.938417,exit-status.json,runs_without_error,False,bool
10,3,2025-12-15T23:00:35.938419,exit-status.json,threw_errors,True,bool
10,3,2025-12-15T23:00:35.938420,exit-status.json,error_counts,"{'total_errors': 6, 'missing_packages': 3, 'cannot_find_symbol': 3}",dict
10,3,2025-12-15T23:00:35.938421,exit-status.json,error_details_file,error-details.txt,str
11,1,2025-12-15T23:00:35.938511,resource-metrics.json,endpoint_id,11,int
11,1,2025-12-15T23:00:35.938515,resource-metrics.json,run_number,1,int
11,1,2025-12-15T23:00:35.938517,resource-metrics.json,start_timestamp,2025-12-16T03:00:57Z,str
11,1,2025-12-15T23:00:35.938518,resource-metrics.json,end_timestamp,2025-12-16T03:03:06Z,str
11,1,2025-12-15T23:00:35.938519,resource-metrics.json,duration_seconds,128.745478,float
11,1,2025-12-15T23:00:35.938520,resource-metrics.json,search_budget_seconds,120,int
11,1,2025-12-15T23:00:35.938522,resource-metrics.json,cpu_average_percent,129.49,float
11,1,2025-12-15T23:00:35.938523,resource-metrics.json,memory_peak_mb,745.1,float
11,1,2025-12-15T23:00:35.938524,resource-metrics.json,tests_generated,0,int
11,1,2025-12-15T23:00:35.938526,resource-metrics.json,test_methods,0,int
11,1,2025-12-15T23:00:35.938527,resource-metrics.json,assertions,0,int
11,1,2025-12-15T23:00:35.938528,resource-metrics.json,coverage,N/A,str
11,1,2025-12-15T23:00:35.938529,resource-metrics.json,total_goals,N/A,str
11,1,2025-12-15T23:00:35.938530,resource-metrics.json,covered_goals,N/A,str
11,2,2025-12-15T23:00:35.938618,resource-metrics.json,endpoint_id,11,int
11,2,2025-12-15T23:00:35.938622,resource-metrics.json,run_number,2,int
11,2,2025-12-15T23:00:35.938623,resource-metrics.json,start_timestamp,2025-12-16T03:03:11Z,str
11,2,2025-12-15T23:00:35.938624,resource-metrics.json,end_timestamp,2025-12-16T03:05:20Z,str
11,2,2025-12-15T23:00:35.938625,resource-metrics.json,duration_seconds,128.746814,float
11,2,2025-12-15T23:00:35.938627,resource-metrics.json,search_budget_seconds,120,int
11,2,2025-12-15T23:00:35.938628,resource-metrics.json,cpu_average_percent,122.04,float
11,2,2025-12-15T23:00:35.938629,resource-metrics.json,memory_peak_mb,748.1,float
11,2,2025-12-15T23:00:35.938631,resource-metrics.json,tests_generated,0,int
11,2,2025-12-15T23:00:35.938632,resource-metrics.json,test_methods,0,int
11,2,2025-12-15T23:00:35.938633,resource-metrics.json,assertions,0,int
11,2,2025-12-15T23:00:35.938634,resource-metrics.json,coverage,N/A,str
11,2,2025-12-15T23:00:35.938635,resource-metrics.json,total_goals,N/A,str
11,2,2025-12-15T23:00:35.938636,resource-metrics.json,covered_goals,N/A,str
11,3,2025-12-15T23:00:35.938724,resource-metrics.json,endpoint_id,11,int
11,3,2025-12-15T23:00:35.938729,resource-metrics.json,run_number,3,int
11,3,2025-12-15T23:00:35.938730,resource-metrics.json,start_timestamp,2025-12-16T03:05:25Z,str
11,3,2025-12-15T23:00:35.938731,resource-metrics.json,end_timestamp,2025-12-16T03:07:33Z,str
11,3,2025-12-15T23:00:35.938733,resource-metrics.json,duration_seconds,128.276643,float
11,3,2025-12-15T23:00:35.938734,resource-metrics.json,search_budget_seconds,120,int
11,3,2025-12-15T23:00:35.938735,resource-metrics.json,cpu_average_percent,130.9,float
11,3,2025-12-15T23:00:35.938737,resource-metrics.json,memory_peak_mb,856.7,float
11,3,2025-12-15T23:00:35.938738,resource-metrics.json,tests_generated,0,int
11,3,2025-12-15T23:00:35.938739,resource-metrics.json,test_methods,0,int
11,3,2025-12-15T23:00:35.938740,resource-metrics.json,assertions,0,int
11,3,2025-12-15T23:00:35.938741,resource-metrics.json,coverage,N/A,str
11,3,2025-12-15T23:00:35.938742,resource-metrics.json,total_goals,N/A,str
11,3,2025-12-15T23:00:35.938744,resource-metrics.json,covered_goals,N/A,str
12,1,2025-12-15T23:00:35.938866,resource-metrics.json,endpoint_id,12,int
12,1,2025-12-15T23:00:35.938871,resource-metrics.json,run_number,1,int
12,1,2025-12-15T23:00:35.938873,resource-metrics.json,start_timestamp,2025-12-16T03:07:43Z,str
12,1,2025-12-15T23:00:35.938874,resource-metrics.json,end_timestamp,2025-12-16T03:09:52Z,str
12,1,2025-12-15T23:00:35.938875,resource-metrics.json,duration_seconds,128.699754,float
12,1,2025-12-15T23:00:35.938877,resource-metrics.json,search_budget_seconds,120,int
12,1,2025-12-15T23:00:35.938878,resource-metrics.json,cpu_average_percent,123.52,float
12,1,2025-12-15T23:00:35.938879,resource-metrics.json,memory_peak_mb,767.1,float
12,1,2025-12-15T23:00:35.938880,resource-metrics.json,tests_generated,1,int
12,1,2025-12-15T23:00:35.938882,resource-metrics.json,test_methods,9,int
12,1,2025-12-15T23:00:35.938883,resource-metrics.json,assertions,16,int
12,1,2025-12-15T23:00:35.938884,resource-metrics.json,coverage,0.8449074074074074,str
12,1,2025-12-15T23:00:35.938885,resource-metrics.json,total_goals,55,str
12,1,2025-12-15T23:00:35.938886,resource-metrics.json,covered_goals,49,str
12,2,2025-12-15T23:00:35.938979,resource-metrics.json,endpoint_id,12,int
12,2,2025-12-15T23:00:35.938983,resource-metrics.json,run_number,2,int
12,2,2025-12-15T23:00:35.938984,resource-metrics.json,start_timestamp,2025-12-16T03:09:57Z,str
12,2,2025-12-15T23:00:35.938985,resource-metrics.json,end_timestamp,2025-12-16T03:12:06Z,str
12,2,2025-12-15T23:00:35.938987,resource-metrics.json,duration_seconds,128.772551,float
12,2,2025-12-15T23:00:35.938988,resource-metrics.json,search_budget_seconds,120,int
12,2,2025-12-15T23:00:35.938989,resource-metrics.json,cpu_average_percent,124.6,float
12,2,2025-12-15T23:00:35.938991,resource-metrics.json,memory_peak_mb,636.3,float
12,2,2025-12-15T23:00:35.938992,resource-metrics.json,tests_generated,1,int
12,2,2025-12-15T23:00:35.938993,resource-metrics.json,test_methods,9,int
12,2,2025-12-15T23:00:35.938994,resource-metrics.json,assertions,16,int
12,2,2025-12-15T23:00:35.938997,resource-metrics.json,coverage,0.8449074074074074,str
12,2,2025-12-15T23:00:35.938998,resource-metrics.json,total_goals,55,str
12,2,2025-12-15T23:00:35.938999,resource-metrics.json,covered_goals,49,str
12,3,2025-12-15T23:00:35.939091,resource-metrics.json,endpoint_id,12,int
12,3,2025-12-15T23:00:35.939095,resource-metrics.json,run_number,3,int
12,3,2025-12-15T23:00:35.939096,resource-metrics.json,start_timestamp,2025-12-16T03:12:11Z,str
12,3,2025-12-15T23:00:35.939099,resource-metrics.json,end_timestamp,2025-12-16T03:14:21Z,str
12,3,2025-12-15T23:00:35.939100,resource-metrics.json,duration_seconds,129.346437,float
12,3,2025-12-15T23:00:35.939101,resource-metrics.json,search_budget_seconds,120,int
12,3,2025-12-15T23:00:35.939103,resource-metrics.json,cpu_average_percent,125.78,float
12,3,2025-12-15T23:00:35.939104,resource-metrics.json,memory_peak_mb,646.7,float
12,3,2025-12-15T23:00:35.939105,resource-metrics.json,tests_generated,1,int
12,3,2025-12-15T23:00:35.939106,resource-metrics.json,test_methods,9,int
12,3,2025-12-15T23:00:35.939108,resource-metrics.json,assertions,16,int
12,3,2025-12-15T23:00:35.939109,resource-metrics.json,coverage,0.8449074074074074,str
12,3,2025-12-15T23:00:35.939110,resource-metrics.json,total_goals,55,str
12,3,2025-12-15T23:00:35.939111,resource-metrics.json,covered_goals,49,str
13,1,2025-12-15T23:00:35.939236,resource-metrics.json,endpoint_id,13,int
13,1,2025-12-15T23:00:35.939240,resource-metrics.json,run_number,1,int
13,1,2025-12-15T23:00:35.939242,resource-metrics.json,start_timestamp,2025-12-16T03:14:31Z,str
13,1,2025-12-15T23:00:35.939243,resource-metrics.json,end_timestamp,2025-12-16T03:14:34Z,str
13,1,2025-12-15T23:00:35.939244,resource-metrics.json,duration_seconds,3.352435,float
13,1,2025-12-15T23:00:35.939246,resource-metrics.json,search_budget_seconds,120,int
13,1,2025-12-15T23:00:35.939247,resource-metrics.json,cpu_average_percent,0,int
13,1,2025-12-15T23:00:35.939248,resource-metrics.json,memory_peak_mb,0,int
13,1,2025-12-15T23:00:35.939249,resource-metrics.json,tests_generated,0,int
13,1,2025-12-15T23:00:35.939250,resource-metrics.json,test_methods,0,int
13,1,2025-12-15T23:00:35.939251,resource-metrics.json,assertions,0,int
13,1,2025-12-15T23:00:35.939253,resource-metrics.json,coverage,N/A,str
13,1,2025-12-15T23:00:35.939254,resource-metrics.json,total_goals,N/A,str
13,1,2025-12-15T23:00:35.939255,resource-metrics.json,covered_goals,N/A,str
13,1,2025-12-15T23:00:35.939289,exit-status.json,endpoint_id,13,int
13,1,2025-12-15T23:00:35.939293,exit-status.json,run_number,1,int
13,1,2025-12-15T23:00:35.939294,exit-status.json,generation_status,FAILED,str
13,1,2025-12-15T23:00:35.939296,exit-status.json,exit_code,1,int
13,1,2025-12-15T23:00:35.939297,exit-status.json,timed_out,False,bool
13,1,2025-12-15T23:00:35.939298,exit-status.json,hung_up,False,bool
13,1,2025-12-15T23:00:35.939299,exit-status.json,error_type,NO_CLASS_FILES,str
13,1,2025-12-15T23:00:35.939300,exit-status.json,error_message,"No class files generated - compilation failed: [ERROR] /project/src/main/java/com/cloudhubs/trainticket/orderrelated/service/AssuranceService.java:[7,27] package jakarta.transaction does not exist [ERROR] /project/src/main/java/com/cloudhubs/trainticket/orderrelated/repository/AssuranceRepository.java:[7,27] package jakarta.transaction does not exist [ERROR] /project/src/main/java/com/cloudhubs/trainticket/orderrelated/service/AssuranceService.java:[51,6] cannot find symbol  ",str
13,1,2025-12-15T23:00:35.939301,exit-status.json,runs_without_error,False,bool
13,1,2025-12-15T23:00:35.939302,exit-status.json,threw_errors,True,bool
13,1,2025-12-15T23:00:35.939304,exit-status.json,error_counts,"{'total_errors': 6, 'missing_packages': 2, 'cannot_find_symbol': 4}",dict
13,1,2025-12-15T23:00:35.939305,exit-status.json,error_details_file,error-details.txt,str
13,2,2025-12-15T23:00:35.939372,resource-metrics.json,endpoint_id,13,int
13,2,2025-12-15T23:00:35.939376,resource-metrics.json,run_number,2,int
13,2,2025-12-15T23:00:35.939378,resource-metrics.json,start_timestamp,2025-12-16T03:14:40Z,str
13,2,2025-12-15T23:00:35.939379,resource-metrics.json,end_timestamp,2025-12-16T03:14:43Z,str
13,2,2025-12-15T23:00:35.939380,resource-metrics.json,duration_seconds,3.05136,float
13,2,2025-12-15T23:00:35.939381,resource-metrics.json,search_budget_seconds,120,int
13,2,2025-12-15T23:00:35.939383,resource-metrics.json,cpu_average_percent,0,int
13,2,2025-12-15T23:00:35.939384,resource-metrics.json,memory_peak_mb,0,int
13,2,2025-12-15T23:00:35.939385,resource-metrics.json,tests_generated,0,int
13,2,2025-12-15T23:00:35.939386,resource-metrics.json,test_methods,0,int
13,2,2025-12-15T23:00:35.939387,resource-metrics.json,assertions,0,int
13,2,2025-12-15T23:00:35.939389,resource-metrics.json,coverage,N/A,str
13,2,2025-12-15T23:00:35.939390,resource-metrics.json,total_goals,N/A,str
13,2,2025-12-15T23:00:35.939391,resource-metrics.json,covered_goals,N/A,str
13,2,2025-12-15T23:00:35.939421,exit-status.json,endpoint_id,13,int
13,2,2025-12-15T23:00:35.939425,exit-status.json,run_number,2,int
13,2,2025-12-15T23:00:35.939426,exit-status.json,generation_status,FAILED,str
13,2,2025-12-15T23:00:35.939427,exit-status.json,exit_code,1,int
13,2,2025-12-15T23:00:35.939429,exit-status.json,timed_out,False,bool
13,2,2025-12-15T23:00:35.939430,exit-status.json,hung_up,False,bool
13,2,2025-12-15T23:00:35.939431,exit-status.json,error_type,NO_CLASS_FILES,str
13,2,2025-12-15T23:00:35.939432,exit-status.json,error_message,"No class files generated - compilation failed: [ERROR] /project/src/main/java/com/cloudhubs/trainticket/orderrelated/service/AssuranceService.java:[7,27] package jakarta.transaction does not exist [ERROR] /project/src/main/java/com/cloudhubs/trainticket/orderrelated/repository/AssuranceRepository.java:[7,27] package jakarta.transaction does not exist [ERROR] /project/src/main/java/com/cloudhubs/trainticket/orderrelated/service/AssuranceService.java:[51,6] cannot find symbol  ",str
13,2,2025-12-15T23:00:35.939433,exit-status.json,runs_without_error,False,bool
13,2,2025-12-15T23:00:35.939434,exit-status.json,threw_errors,True,bool
13,2,2025-12-15T23:00:35.939436,exit-status.json,error_counts,"{'total_errors': 6, 'missing_packages': 2, 'cannot_find_symbol': 4}",dict
13,2,2025-12-15T23:00:35.939437,exit-status.json,error_details_file,error-details.txt,str
13,3,2025-12-15T23:00:35.939501,resource-metrics.json,endpoint_id,13,int
13,3,2025-12-15T23:00:35.939505,resource-metrics.json,run_number,3,int
13,3,2025-12-15T23:00:35.939506,resource-metrics.json,start_timestamp,2025-12-16T03:14:48Z,str
13,3,2025-12-15T23:00:35.939507,resource-metrics.json,end_timestamp,2025-12-16T03:14:51Z,str
13,3,2025-12-15T23:00:35.939509,resource-metrics.json,duration_seconds,3.041009,float
13,3,2025-12-15T23:00:35.939510,resource-metrics.json,search_budget_seconds,120,int
13,3,2025-12-15T23:00:35.939511,resource-metrics.json,cpu_average_percent,0,int
13,3,2025-12-15T23:00:35.939513,resource-metrics.json,memory_peak_mb,0,int
13,3,2025-12-15T23:00:35.939514,resource-metrics.json,tests_generated,0,int
13,3,2025-12-15T23:00:35.939516,resource-metrics.json,test_methods,0,int
13,3,2025-12-15T23:00:35.939517,resource-metrics.json,assertions,0,int
13,3,2025-12-15T23:00:35.939519,resource-metrics.json,coverage,N/A,str
13,3,2025-12-15T23:00:35.939520,resource-metrics.json,total_goals,N/A,str
13,3,2025-12-15T23:00:35.939521,resource-metrics.json,covered_goals,N/A,str
13,3,2025-12-15T23:00:35.939553,exit-status.json,endpoint_id,13,int
13,3,2025-12-15T23:00:35.939557,exit-status.json,run_number,3,int
13,3,2025-12-15T23:00:35.939558,exit-status.json,generation_status,FAILED,str
13,3,2025-12-15T23:00:35.939560,exit-status.json,exit_code,1,int
13,3,2025-12-15T23:00:35.939561,exit-status.json,timed_out,False,bool
13,3,2025-12-15T23:00:35.939562,exit-status.json,hung_up,False,bool
13,3,2025-12-15T23:00:35.939563,exit-status.json,error_type,NO_CLASS_FILES,str
13,3,2025-12-15T23:00:35.939564,exit-status.json,error_message,"No class files generated - compilation failed: [ERROR] /project/src/main/java/com/cloudhubs/trainticket/orderrelated/service/AssuranceService.java:[7,27] package jakarta.transaction does not exist [ERROR] /project/src/main/java/com/cloudhubs/trainticket/orderrelated/repository/AssuranceRepository.java:[7,27] package jakarta.transaction does not exist [ERROR] /project/src/main/java/com/cloudhubs/trainticket/orderrelated/service/AssuranceService.java:[51,6] cannot find symbol  ",str
13,3,2025-12-15T23:00:35.939565,exit-status.json,runs_without_error,False,bool
13,3,2025-12-15T23:00:35.939567,exit-status.json,threw_errors,True,bool
13,3,2025-12-15T23:00:35.939568,exit-status.json,error_counts,"{'total_errors': 6, 'missing_packages': 2, 'cannot_find_symbol': 4}",dict
13,3,2025-12-15T23:00:35.939569,exit-status.json,error_details_file,error-details.txt,str
